"DESCRIPTION","DURATION IN MS","NAME","PARENT SUITE","START TIME","STATUS","STOP TIME","SUB SUITE","SUITE","TEST CLASS","TEST METHOD"
"","2496","Проверка, что при входе с неверными данными: wrong_email / wrong_password - возвращается 401 и текст ошибки","tests","2026-08-10","passed","2026-08-10","TestLogin","test_login","",""
"","884","Проверка, что при попытке заказа с хешем ингредиентов неправильного формата - вернётся ошибка 500","tests","2026-08-10","passed","2026-08-10","TestCreateOrder","test_create_order","",""
"","2109","Проверка, что нельзя создать дубль пользователя, который уже существует","tests","2026-08-10","passed","2026-08-10","TestRegistration","test_registration","",""
"","1663","Проверка, что при входе с неверными данными: empty_email / empty_password - возвращается 401 и текст ошибки","tests","2026-08-10","passed","2026-08-10","TestLogin","test_login","",""
"","3846","Проверка, что при входе с неверными данными: real_email / wrong_password - возвращается 401 и текст ошибки","tests","2026-08-10","passed","2026-08-10","TestLogin","test_login","",""
"","1795","Проверка, что при входе с неверными данными: no_email / no_password - возвращается 401 и текст ошибки","tests","2026-08-10","passed","2026-08-10","TestLogin","test_login","",""
"","875","Проверка, что успешно создаётся уникальный пользователь","tests","2026-08-10","passed","2026-08-10","TestRegistration","test_registration","",""
"","761","Проверка, что при попытке заказа с неверным хешем ингредиентов (верный формат) - будет ошибка 400","tests","2026-08-10","passed","2026-08-10","TestCreateOrder","test_create_order","",""
"","666","Проверка, что при попытке заказа без ингредиентов ({'ingredients': []}) - вернётся ошибка 400","tests","2026-08-10","passed","2026-08-10","TestCreateOrder","test_create_order","",""
"","1855","Проверка, что при входе с неверными данными: empty_email / real_password - возвращается 401 и текст ошибки","tests","2026-08-10","passed","2026-08-10","TestLogin","test_login","",""
"","664","Проверка, что успешно создаётся заказ без авторизации пользователя и с ингредиентами","tests","2026-08-10","passed","2026-08-10","TestCreateOrder","test_create_order","",""
"","2826","Проверка, что при входе с неверными данными: wrong_email / real_password - возвращается 401 и текст ошибки","tests","2026-08-10","passed","2026-08-10","TestLogin","test_login","",""
"","1817","Проверка, что при входе с неверными данными: no_email / real_password - возвращается 401 и текст ошибки","tests","2026-08-10","passed","2026-08-10","TestLogin","test_login","",""
"","6096","Проверка, что успешно создаётся заказ с авторизацией пользователя и с ингредиентами","tests","2026-08-10","passed","2026-08-10","TestCreateOrder","test_create_order","",""
"","16302","Проверка, что если нет поля email, запрос на регистрацию возвращает 403 и сообщение об ошибке","tests","2026-08-10","passed","2026-08-10","TestRegistration","test_registration","",""
"","1876","Проверка, что при входе с неверными данными: real_email / no_password - возвращается 401 и текст ошибки","tests","2026-08-10","passed","2026-08-10","TestLogin","test_login","",""
"","604","Проверка, что при попытке заказа без ингредиентов ({}) - вернётся ошибка 400","tests","2026-08-10","passed","2026-08-10","TestCreateOrder","test_create_order","",""
"","690","Проверка, что если нет поля password, запрос на регистрацию возвращает 403 и сообщение об ошибке","tests","2026-08-10","passed","2026-08-10","TestRegistration","test_registration","",""
"","1728","Проверка, что можно успешно залогиниться под существующим пользователем","tests","2026-08-10","passed","2026-08-10","TestLogin","test_login","",""
"","773","Проверка, что если нет поля name, запрос на регистрацию возвращает 403 и сообщение об ошибке","tests","2026-08-10","passed","2026-08-10","TestRegistration","test_registration","",""
"","1793","Проверка, что при входе с неверными данными: real_email / empty_password - возвращается 401 и текст ошибки","tests","2026-08-10","passed","2026-08-10","TestLogin","test_login","",""
